,sentence,jobTitle,company,estimatedDatePosted,label
0,"Sie unterstützen HR Business PartnerInnen bei den täglichen Aktivitäten im HR und in der AdministrationSie unterstützen bei der Beratung der MitarbeiterInnen und Führungskräfte in sämtlichen Personalthemen beispielsweise zu vertraglichen oder arbeitsrechtlichen Fragestellungen sowie zu Fragen der Führung, Weiterentwicklung und Entlohnung Sie unterstützen bei der Abwicklung von HR Prozessen entlang des Employee-Life-Cycle in enger Zusammenarbeit mit den HR KonzernabteilungenSie unterstützen das Management bei der Einführung und Umsetzung der Geschäfts- und PersonalstrategieSie wirken mit bei der Personalplanung, Budgetierung und laufenden KostenkontrolleSie koordinieren das On- und Offboarding und PersonaltransfersSie erstellen Analysen und Reports zu verschiedenen HR ThemenbereichenSie sind verantwortlich für die Mitgestaltung und Weiterentwicklung von HR Prozessen, Standards und RichtlinienSie koordinieren und wirken mit bei verschiedenen HR Projekten und Change-ProzessenSie bilden die Schnittstelle zu allen zentralen Abteilungen innerhalb der Gesellschaften und sind verantwortlich für die jeweiligen AbstimmungenSie stehen als Sparring-Partner in engem Kontakt zur Geschäftsleitung und unseren Office HeadsSie arbeiten eng mit KollegInnen im Shared Service Center und Talent Acquisition zusammen"",
",HR Generalist m w d,Hays Professional Solutions GmbH,2021-04-12,company
1,"Sie unterstützen HR Business PartnerInnen bei den täglichen Aktivitäten im HR und in der AdministrationSie unterstützen bei der Beratung der MitarbeiterInnen und Führungskräfte in sämtlichen Personalthemen beispielsweise zu vertraglichen oder arbeitsrechtlichen Fragestellungen sowie zu Fragen der Führung, Weiterentwicklung und Entlohnung Sie unterstützen bei der Abwicklung von HR Prozessen entlang des Employee-Life-Cycle in enger Zusammenarbeit mit den HR KonzernabteilungenSie unterstützen das Management bei der Einführung und Umsetzung der Geschäfts- und PersonalstrategieSie wirken mit bei der Personalplanung, Budgetierung und laufenden KostenkontrolleSie koordinieren das On- und Offboarding und PersonaltransfersSie erstellen Analysen und Reports zu verschiedenen HR ThemenbereichenSie sind verantwortlich für die Mitgestaltung und Weiterentwicklung von HR Prozessen, Standards und RichtlinienSie koordinieren und wirken mit bei verschiedenen HR Projekten und Change-ProzessenSie bilden die Schnittstelle zu allen zentralen Abteilungen innerhalb der Gesellschaften und sind verantwortlich für die jeweiligen AbstimmungenSie stehen als Sparring-Partner in engem Kontakt zur Geschäftsleitung und unseren Office HeadsSie arbeiten eng mit KollegInnen im Shared Service Center und Talent Acquisition zusammen Ein abgeschlossenes betriebswirtschaftliches Studium gerne mit dem Schwerpunkt HRBerufserfahrung in ähnlicher PositionSehr gute MS-Office KenntnisseVerhandlungssichere Deutsch- und Englischkenntnisse Vergütung nach Tarifvertrag zuzüglich übertariflicher ZulagenHoher Übernahmeanteil im EinsatzbetriebFahrtkostenzuschüsse durch Bruttobezüge Variables Gleitzeitkonto (Freizeit / Auszahlung)Urlaubsanspruch von 30 Tagen und Sonderurlaub sowie betriebliche Altersvorsorge, Mitarbeiter-Prämien und Möglichkeit zur unbezahlten FreistellungPersönliche Betreuung durch feste Ansprechpersonen und jährliches MitarbeiterfestBetreuung im gesamten BewerbungsprozessBedarfsabhängige Weiterbildungsmöglichkeiten Echte Finance-Experten sind rar, und sie sind gefragt.",HR Generalist m w d,Hays Professional Solutions GmbH,2021-04-12,company
2,Dementsprechend hoch ist Ihr Marktwert.,HR Generalist m w d,Hays Professional Solutions GmbH,2021-04-12,other
3,"Als Finance-Spezialist stehen Ihnen alle Türen offen, etwa in den Bereichen Accounting, Controlling, Corporate Banking, Interim-Management, Risk-Management oder Treasury.",HR Generalist m w d,Hays Professional Solutions GmbH,2021-04-12,company
4,Ganz nach Ihren Interessen und abhängig von Ihrer Erfahrung vermitteln wir Ihnen den passenden Job.,HR Generalist m w d,Hays Professional Solutions GmbH,2021-04-12,other
5,Mit uns finden Sie das optimale Umfeld – und das völlig kostenfrei.,HR Generalist m w d,Hays Professional Solutions GmbH,2021-04-12,other
6,Registrieren Sie sich und profitieren Sie von interessanten und passenden Positionen und Projekten.,HR Generalist m w d,Hays Professional Solutions GmbH,2021-04-12,other
