,sentence,jobTitle,company,estimatedDatePosted,label
0,Durch den Einsatz modernster IT individuelle Geschäftsabläufe der Kunden verbessern und sie mit innovativen Technologien bei ihren Veränderungsprozessen begleiten?,Junior Consultant Intelligent Cloud and Infrastructure all genders,Accenture,22/01/2021,tasks
1,Das ist genau dein Ding?,Junior Consultant Intelligent Cloud and Infrastructure all genders,Accenture,22/01/2021,other
2,"Dann lebe deine Leidenschaft in einer Position, in der du detaillierte Digital-, Cloud- und Infrastruktur-Strategien erarbeitest, planst und die Umsetzung von IT-Transformationen unterstützt.",Junior Consultant Intelligent Cloud and Infrastructure all genders,Accenture,22/01/2021,tasks
3,"Das erwartet dich  Du betreust nationale wie internationale Großprojekte zur Erneuerung von IT-Landschaften  Gemeinsam mit den Entscheidern findest du dabei kreative und zukunftsfähige Infrastrukturlösungen  Zudem berätst du die Kunden in Bezug auf den optimalen Einsatz von Infrastrukturtechnologien  Deine persönliche Weiterentwicklung verläuft ganz nach Plan, da du dich individuell einbringst und von Experten lernst  Mit wachsender Erfahrung übernimmst du immer mehr Verantwortung für das Team und deine Projekte      ",Junior Consultant Intelligent Cloud and Infrastructure all genders,Accenture,22/01/2021,tasks
4,Mehr vom Jobprofil anzeigen     ,Junior Consultant Intelligent Cloud and Infrastructure all genders,Accenture,22/01/2021,other
5,Weniger anzeigen         ,Junior Consultant Intelligent Cloud and Infrastructure all genders,Accenture,22/01/2021,other
6,Basisqualifikationen  Darauf freuen wir uns  Studium der Informatik oder der Naturwissenschaften bzw.,Junior Consultant Intelligent Cloud and Infrastructure all genders,Accenture,22/01/2021,skillset
7,"eine IT-Ausbildung  Sehr gute analytisch-konzeptionelle Fähigkeiten  Linux-Know-how und Einblicke ins Change Management  Kommunikations- und Präsentationsstärke auf Deutsch und Englisch  Mobilität, hohe Lernbereitschaft und Spaß an der Arbeit in internationalen Projektteams   ",Junior Consultant Intelligent Cloud and Infrastructure all genders,Accenture,22/01/2021,skillset
8,"Bei Accenture arbeitest du mit authentischen Persönlichkeiten, die eines gemeinsam haben: Leidenschaft für Veränderung.",Junior Consultant Intelligent Cloud and Infrastructure all genders,Accenture,22/01/2021,company
9,"Wir suchen ständig neue Mitarbeitende, die mit ihrer Persönlichkeit, ihrem Wissen und ihren Fähigkeiten unsere agilen und interdisziplinären Teams noch besser machen.",Junior Consultant Intelligent Cloud and Infrastructure all genders,Accenture,22/01/2021,company
10,"Die Synergie von Technologie und menschlicher Intelligenz hilft uns dabei, um digitale Innovationen zu entfachen und die Welt zu verändern.",Junior Consultant Intelligent Cloud and Infrastructure all genders,Accenture,22/01/2021,company
11,"Werde Teil unseres Teams und implementiere innovative Lösungen, mit denen unsere Kunden die Chancen des digitalen Wandels ergreifen können.",Junior Consultant Intelligent Cloud and Infrastructure all genders,Accenture,22/01/2021,company
12,Dein Kontakt Du hast fragen?,Junior Consultant Intelligent Cloud and Infrastructure all genders,Accenture,22/01/2021,other
13,Dann wende dich gerne an unser Recruiting Team per E-Mail an recruiting_germany@accenture.,Junior Consultant Intelligent Cloud and Infrastructure all genders,Accenture,22/01/2021,other
14,com oder telefonisch unter 00800 45045045.,Junior Consultant Intelligent Cloud and Infrastructure all genders,Accenture,22/01/2021,other
15,Wir freuen uns auf deine Bewerbung!,Junior Consultant Intelligent Cloud and Infrastructure all genders,Accenture,22/01/2021,other
16,"Referenzcode: SF75413S
",Global Senior Human Resources Manager f m d,TÜV Rheinland Group,05/05/2021,other
17,"Gesellschaft: TÜV Rheinland AG
",Global Senior Human Resources Manager f m d,TÜV Rheinland Group,05/05/2021,other
18,Die Begeisterung für zukunftsweisende Lösungen teilen wir mit über 20.,Global Senior Human Resources Manager f m d,TÜV Rheinland Group,05/05/2021,company
19,000 Menschen rund um den Globus.,Global Senior Human Resources Manager f m d,TÜV Rheinland Group,05/05/2021,company
20,Bei TÜV Rheinland können Sie Ihr Wissen eigenverantwortlich einbringen und sich dabei persönlich immer weiter entwickeln.,Global Senior Human Resources Manager f m d,TÜV Rheinland Group,05/05/2021,company
21,"Wir sind ein Team aus hochqualifizierten Expertinnen und Experten, die sich verantwortungsvollen Herausforderungen stellen, um das Leben mit wertvollen Leistungen zu bereichern.",Global Senior Human Resources Manager f m d,TÜV Rheinland Group,05/05/2021,company
22,"Und wir alle lieben, was wir tun.",Global Senior Human Resources Manager f m d,TÜV Rheinland Group,05/05/2021,other
23,"Wenn auch Sie Ihre Talente sinnstiftend einbringen möchten, kommen Sie zu TÜV Rheinland.",Global Senior Human Resources Manager f m d,TÜV Rheinland Group,05/05/2021,company
24,Nutzen wir diese vielfältigen Möglichkeiten und machen wir uns gemeinsam auf zu neuen Zielen.,Global Senior Human Resources Manager f m d,TÜV Rheinland Group,05/05/2021,company
25,"Your tasks
",Global Senior Human Resources Manager f m d,TÜV Rheinland Group,05/05/2021,tasks
26,"In this role, you will be responsible for advising the Group's international Executives in the area of our Business Stream Products with regard to all HR relevant topics, projects and measures.",Global Senior Human Resources Manager f m d,TÜV Rheinland Group,05/05/2021,tasks
27,You will derive measures for the successful implementation and achievement of HR objectives from the Group strategy and review their implementation and achievement (KPIs).,Global Senior Human Resources Manager f m d,TÜV Rheinland Group,05/05/2021,tasks
28,You actively shape the remuneration policy of the individual divisions and companies and advise managers on remuneration systems and models.,Global Senior Human Resources Manager f m d,TÜV Rheinland Group,05/05/2021,tasks
29,"In addition you support strategic HR planning, derive resulting measures and monitor their implementation.",Global Senior Human Resources Manager f m d,TÜV Rheinland Group,05/05/2021,tasks
30,You manage global HR projects and shape their content based on your specialist know how and in accordance with the Group strategy.,Global Senior Human Resources Manager f m d,TÜV Rheinland Group,05/05/2021,tasks
31,"You will also initiate, support and manage international change projects and ensure their successful implementation in accordance with the global change management framework.",Global Senior Human Resources Manager f m d,TÜV Rheinland Group,05/05/2021,tasks
32,You ensure the exchange of best practices within the HR community to support continuous process improvement and harmonization.,Global Senior Human Resources Manager f m d,TÜV Rheinland Group,05/05/2021,tasks
33,"Your profile
",Global Senior Human Resources Manager f m d,TÜV Rheinland Group,05/05/2021,skillset
34,"Successfully completed university studies, ideally in the field of business administration with a focus on human resources or law.",Global Senior Human Resources Manager f m d,TÜV Rheinland Group,05/05/2021,skillset
35,Around 10 years of experience as an HR generalist with both operational and strategic topics.,Global Senior Human Resources Manager f m d,TÜV Rheinland Group,05/05/2021,skillset
36,"Profound experience in international HR work, ideally through a stay abroad, high intercultural competence and very good communication skills.",Global Senior Human Resources Manager f m d,TÜV Rheinland Group,05/05/2021,skillset
37,Experience in partnering top management as well as a strong customer and service orientation.,Global Senior Human Resources Manager f m d,TÜV Rheinland Group,05/05/2021,skillset
38,"Very independent, strategic and goal oriented way of working as well as an outstanding ability to grasp new things.",Global Senior Human Resources Manager f m d,TÜV Rheinland Group,05/05/2021,skillset
39,"Talent for winning others over to issues, diplomatic skills and collaborative working style, enjoys networking and exchanging ideas.",Global Senior Human Resources Manager f m d,TÜV Rheinland Group,05/05/2021,skillset
40,"Very good English (written and spoken), German is a plus.",Global Senior Human Resources Manager f m d,TÜV Rheinland Group,05/05/2021,skillset
41,Willingness to travel internationally.,Global Senior Human Resources Manager f m d,TÜV Rheinland Group,05/05/2021,skillset
