,sentence,jobTitle,company,estimatedDatePosted,label
0,"Einleitung
",HR Manager Haßfurt m w d,Delfingen DE Hassfurt GmbH,2021-07-05,other
1,"Ihre Aufgaben umfassen:
",HR Manager Haßfurt m w d,Delfingen DE Hassfurt GmbH,2021-07-05,tasks
2,"Kompetente Beratung und Betreuung der Führungskräfte und Mitarbeiter zu personellen und arbeitsrechtlichen Fragen, Aufgaben und Planungen
",HR Manager Haßfurt m w d,Delfingen DE Hassfurt GmbH,2021-07-05,tasks
3,"Umsetzung der HR Strategie an den zu betreuenden Standorten
",HR Manager Haßfurt m w d,Delfingen DE Hassfurt GmbH,2021-07-05,tasks
4,"Implementierung und Umsetzung von stragetischen HR-Prozessen und –Systemen in Abstimmung mit Global HR
",HR Manager Haßfurt m w d,Delfingen DE Hassfurt GmbH,2021-07-05,tasks
5,"Durchführung von definierten HR Projekten (beispiel Reorganisation, Einführung HCM System)
",HR Manager Haßfurt m w d,Delfingen DE Hassfurt GmbH,2021-07-05,tasks
6,"Verantwortung für das Bewerbermanagement für den Standort inklusive Schalten von Stellenanzeigen (Online- und Printmedien), Sichtung der Bewerbungsunterlagen, Durchführung und Nachbereitung von Vorstellungsgesprächen
",HR Manager Haßfurt m w d,Delfingen DE Hassfurt GmbH,2021-07-05,tasks
7,"Unterstützung bei der Organisationsentwicklung des Werkes
",HR Manager Haßfurt m w d,Delfingen DE Hassfurt GmbH,2021-07-05,tasks
8,"Durchführen von Maßnahmen zur Personalentwicklung inklusive Planung und Dokumentation von Schulungen basierend auf einer werksübergreifenden Qualimatrix
",HR Manager Haßfurt m w d,Delfingen DE Hassfurt GmbH,2021-07-05,tasks
9,"Festlegen und Durchführen von Maßnahmen zur Mitarbeiterbindung (employee branding)
",HR Manager Haßfurt m w d,Delfingen DE Hassfurt GmbH,2021-07-05,tasks
10,"Abwicklung und Dokumentation der Zeitarbeit: Abstimmung mit den Personaldienstleistern, Führen von Preisverhandlungen, Kontrolle/Unterschrift der Arbeitnehmerüberlassungsverträge)
",HR Manager Haßfurt m w d,Delfingen DE Hassfurt GmbH,2021-07-05,tasks
11,"Koordination der Stammdatenpflege im IFS-System
",HR Manager Haßfurt m w d,Delfingen DE Hassfurt GmbH,2021-07-05,tasks
12,Ausbildungsleitung;,HR Manager Haßfurt m w d,Delfingen DE Hassfurt GmbH,2021-07-05,skillset
13,"Betreuung und Verantwortung für die Auszubildenden am Standort von der Auswahl/Einstellung bis zum Abschluss der Ausbildung
",HR Manager Haßfurt m w d,Delfingen DE Hassfurt GmbH,2021-07-05,tasks
14,"Vorbereiten aller auditrelevanten Dokumente
",HR Manager Haßfurt m w d,Delfingen DE Hassfurt GmbH,2021-07-05,tasks
15,"Verantwortung für das betriebliche Gesundheitsmanagement und Koordination des betrieblichen Vorschlagswesens
",HR Manager Haßfurt m w d,Delfingen DE Hassfurt GmbH,2021-07-05,tasks
16,"Vertrauensvolle Zusammenarbeit mit dem Betriebsrat unter Einhaltung des Betriebsverfassungsgesetztes
",HR Manager Haßfurt m w d,Delfingen DE Hassfurt GmbH,2021-07-05,tasks
17,"Aufbau und Durchführung eines Personalcontrollings und Reportings zu HR relevanten Kennzahlen für die Werksleitung
",HR Manager Haßfurt m w d,Delfingen DE Hassfurt GmbH,2021-07-05,tasks
18,"Ihr Profil:
",HR Manager Haßfurt m w d,Delfingen DE Hassfurt GmbH,2021-07-05,skillset
19,"Abgeschlossenes Studium mit der Fachrichtung Betriebswirtschaftslehre und dem Schwerpunkt Personalwesen oder eine entsprechende kaufmännische Ausbildung mit Weiterbildung im Bereich Personal/Betriebswirtschaft
",HR Manager Haßfurt m w d,Delfingen DE Hassfurt GmbH,2021-07-05,skillset
20,"Mehrjährige Erfahrung als HR Generalist in einem produzierenden Unternehmen, auch standortübergreifend
",HR Manager Haßfurt m w d,Delfingen DE Hassfurt GmbH,2021-07-05,skillset
21,"Mehrjährige Führungserfahrung
",HR Manager Haßfurt m w d,Delfingen DE Hassfurt GmbH,2021-07-05,skillset
22,"Erfahrung mit Change Management und Restrukturierung
",HR Manager Haßfurt m w d,Delfingen DE Hassfurt GmbH,2021-07-05,skillset
23,"Sehr gute Kenntnisse des Arbeits- und Sozialversicherungsrechts
",HR Manager Haßfurt m w d,Delfingen DE Hassfurt GmbH,2021-07-05,skillset
24,"Sehr gute Englischkenntnisse in Wort und Schrift
",HR Manager Haßfurt m w d,Delfingen DE Hassfurt GmbH,2021-07-05,skillset
25,"Sicherer Umgang mit MS-Office und HR-Software
",HR Manager Haßfurt m w d,Delfingen DE Hassfurt GmbH,2021-07-05,skillset
26,"Ausbilderschein und Erfahrung als Ausbilder
",HR Manager Haßfurt m w d,Delfingen DE Hassfurt GmbH,2021-07-05,skillset
27,"Sicheres, offenes und dienstleistungsorientiertes Auftreten
",HR Manager Haßfurt m w d,Delfingen DE Hassfurt GmbH,2021-07-05,skillset
28,"Strukturierte und selbständige Arbeitsweise
",HR Manager Haßfurt m w d,Delfingen DE Hassfurt GmbH,2021-07-05,skillset
29,"Interkulturelle Kompetenz
",HR Manager Haßfurt m w d,Delfingen DE Hassfurt GmbH,2021-07-05,skillset
30,"Offen für Herausforderungen und für Veränderungen
",HR Manager Haßfurt m w d,Delfingen DE Hassfurt GmbH,2021-07-05,skillset
31,"Hohes Maß an Flexibilität und Mobilität
",HR Manager Haßfurt m w d,Delfingen DE Hassfurt GmbH,2021-07-05,skillset
32,"Wir bieten
",HR Manager Haßfurt m w d,Delfingen DE Hassfurt GmbH,2021-07-05,company
33,"Es erwartet Sie ein aufgeschlossenes und starkes Team sowie ein vertrauensvolles, persönliches und familiäres Betriebsklima mit kurzen Entscheidungswegen.",HR Manager Haßfurt m w d,Delfingen DE Hassfurt GmbH,2021-07-05,company
34,Wir bieten Ihnen einen Arbeitsplatz mit langfristiger Perspektive in einem wertebasierten Unternehmen mit internationalem Flair.,HR Manager Haßfurt m w d,Delfingen DE Hassfurt GmbH,2021-07-05,company
35,Die Möglichkeiten für Ihre weitere persönliche Entwicklung sind bei uns vielfältig.,HR Manager Haßfurt m w d,Delfingen DE Hassfurt GmbH,2021-07-05,company
